make,model,year,path
Toyota,4Runner,2010,knowledge/manuals\Toyota\4Runner 2010.pdf
Toyota,4Runner,2011,knowledge/manuals\Toyota\4Runner 2011.pdf
Toyota,4Runner,2012,knowledge/manuals\Toyota\4Runner 2012.pdf
Toyota,4Runner,2013,knowledge/manuals\Toyota\4Runner 2013.pdf
Toyota,4Runner,2014,knowledge/manuals\Toyota\4Runner 2014.pdf
Toyota,4Runner,2015,knowledge/manuals\Toyota\4Runner 2015.pdf
Toyota,4Runner,2016,knowledge/manuals\Toyota\4Runner 2016.pdf
Toyota,4Runner,2017,knowledge/manuals\Toyota\4Runner 2017.pdf
Toyota,4Runner,2018,knowledge/manuals\Toyota\4Runner 2018.pdf
Toyota,4Runner,2019,knowledge/manuals\Toyota\4Runner 2019.pdf
Toyota,4Runner,2020,knowledge/manuals\Toyota\4Runner 2020.pdf
Toyota,4Runner,2021,knowledge/manuals\Toyota\4Runner 2021.pdf
Toyota,4Runner,2022,knowledge/manuals\Toyota\4Runner 2022.pdf
Toyota,4Runner,2023,knowledge/manuals\Toyota\4Runner 2023.pdf
Toyota,4Runner,2024,knowledge/manuals\Toyota\4Runner 2024.pdf
Toyota,4Runner,2025,knowledge/manuals\Toyota\4Runner 2025.pdf
Toyota,86,2017,knowledge/manuals\Toyota\86 2017.pdf
Toyota,86,2018,knowledge/manuals\Toyota\86 2018.pdf
Toyota,86,2020,knowledge/manuals\Toyota\86 2020.pdf
Toyota,Avalon,2010,knowledge/manuals\Toyota\Avalon 2010.pdf
Toyota,Avalon,2011,knowledge/manuals\Toyota\Avalon 2011.pdf
Toyota,Avalon,2012,knowledge/manuals\Toyota\Avalon 2012.pdf
Toyota,Avalon,2013,knowledge/manuals\Toyota\Avalon 2013.pdf
Toyota,Avalon,2014,knowledge/manuals\Toyota\Avalon 2014.pdf
Toyota,Avalon,2015,knowledge/manuals\Toyota\Avalon 2015.pdf
Toyota,Avalon,2016,knowledge/manuals\Toyota\Avalon 2016.pdf
Toyota,Avalon,2017,knowledge/manuals\Toyota\Avalon 2017.pdf
Toyota,Avalon,2018,knowledge/manuals\Toyota\Avalon 2018.pdf
Toyota,Avalon,2019,knowledge/manuals\Toyota\Avalon 2019.pdf
Toyota,Avalon,2020,knowledge/manuals\Toyota\Avalon 2020.pdf
Toyota,Avalon,2021,knowledge/manuals\Toyota\Avalon 2021.pdf
Toyota,Avalon,2022,knowledge/manuals\Toyota\Avalon 2022.pdf
Toyota,Camry,2010,knowledge/manuals\Toyota\Camry 2010.pdf
Toyota,Camry,2011,knowledge/manuals\Toyota\Camry 2011.pdf
Toyota,Camry,2012,knowledge/manuals\Toyota\Camry 2012.pdf
Toyota,Camry,2013,knowledge/manuals\Toyota\Camry 2013.pdf
Toyota,Camry,2014,knowledge/manuals\Toyota\Camry 2014.pdf
Toyota,Camry,2015,knowledge/manuals\Toyota\Camry 2015.pdf
Toyota,Camry,2016,knowledge/manuals\Toyota\Camry 2016.pdf
Toyota,Camry,2017,knowledge/manuals\Toyota\Camry 2017.pdf
Toyota,Camry,2018,knowledge/manuals\Toyota\Camry 2018.pdf
Toyota,Camry,2019,knowledge/manuals\Toyota\Camry 2019.pdf
Toyota,Camry,2020,knowledge/manuals\Toyota\Camry 2020.pdf
Toyota,Camry,2021,knowledge/manuals\Toyota\Camry 2021.pdf
Toyota,Camry,2022,knowledge/manuals\Toyota\Camry 2022.pdf
Toyota,Camry,2023,knowledge/manuals\Toyota\Camry 2023.pdf
Toyota,Camry,2024,knowledge/manuals\Toyota\Camry 2024.pdf
Toyota,Corolla,2010,knowledge/manuals\Toyota\Corolla 2010.pdf
Toyota,Corolla,2011,knowledge/manuals\Toyota\Corolla 2011.pdf
Toyota,Corolla,2012,knowledge/manuals\Toyota\Corolla 2012.pdf
Toyota,Corolla,2013,knowledge/manuals\Toyota\Corolla 2013.pdf
Toyota,Corolla,2014,knowledge/manuals\Toyota\Corolla 2014.pdf
Toyota,Corolla,2015,knowledge/manuals\Toyota\Corolla 2015.pdf
Toyota,Corolla,2016,knowledge/manuals\Toyota\Corolla 2016.pdf
Toyota,Corolla,2017,knowledge/manuals\Toyota\Corolla 2017.pdf
Toyota,Corolla,2018,knowledge/manuals\Toyota\Corolla 2018.pdf
Toyota,Corolla,2019,knowledge/manuals\Toyota\Corolla 2019.pdf
Toyota,Corolla,2020,knowledge/manuals\Toyota\Corolla 2020.pdf
Toyota,Corolla,2021,knowledge/manuals\Toyota\Corolla 2021.pdf
Toyota,Corolla,2022,knowledge/manuals\Toyota\Corolla 2022.pdf
Toyota,Corolla,2023,knowledge/manuals\Toyota\Corolla 2023.pdf
Toyota,Corolla,2024,knowledge/manuals\Toyota\Corolla 2024.pdf
Toyota,Corolla,2025,knowledge/manuals\Toyota\Corolla 2025.pdf
Toyota,Grand Highlander,2024,knowledge/manuals\Toyota\Grand Highlander 2024.pdf
Toyota,Grand Highlander,2025,knowledge/manuals\Toyota\Grand Highlander 2025.pdf
Toyota,Highlander,2010,knowledge/manuals\Toyota\Highlander 2010.pdf
Toyota,Highlander,2012,knowledge/manuals\Toyota\Highlander 2012.pdf
Toyota,Highlander,2013,knowledge/manuals\Toyota\Highlander 2013.pdf
Toyota,Highlander,2014,knowledge/manuals\Toyota\Highlander 2014.pdf
Toyota,Highlander,2015,knowledge/manuals\Toyota\Highlander 2015.pdf
Toyota,Highlander,2016,knowledge/manuals\Toyota\Highlander 2016.pdf
Toyota,Highlander,2017,knowledge/manuals\Toyota\Highlander 2017.pdf
Toyota,Highlander,2018,knowledge/manuals\Toyota\Highlander 2018.pdf
Toyota,Highlander,2019,knowledge/manuals\Toyota\Highlander 2019.pdf
Toyota,Highlander,2020,knowledge/manuals\Toyota\Highlander 2020.pdf
Toyota,Highlander,2021,knowledge/manuals\Toyota\Highlander 2021.pdf
Toyota,Highlander,2022,knowledge/manuals\Toyota\Highlander 2022.pdf
Toyota,Highlander,2023,knowledge/manuals\Toyota\Highlander 2023.pdf
Toyota,Highlander,2024,knowledge/manuals\Toyota\Highlander 2024.pdf
Toyota,Highlander,2025,knowledge/manuals\Toyota\Highlander 2025.pdf
Toyota,Land Cruiser,2010,knowledge/manuals\Toyota\Land Cruiser 2010.pdf
Toyota,Land Cruiser,2011,knowledge/manuals\Toyota\Land Cruiser 2011.pdf
Toyota,Land Cruiser,2013,knowledge/manuals\Toyota\Land Cruiser 2013.pdf
Toyota,Land Cruiser,2015,knowledge/manuals\Toyota\Land Cruiser 2015.pdf
Toyota,Land Cruiser,2016,knowledge/manuals\Toyota\Land Cruiser 2016.pdf
Toyota,Land Cruiser,2017,knowledge/manuals\Toyota\Land Cruiser 2017.pdf
Toyota,Land Cruiser,2018,knowledge/manuals\Toyota\Land Cruiser 2018.pdf
Toyota,Land Cruiser,2019,knowledge/manuals\Toyota\Land Cruiser 2019.pdf
Toyota,Land Cruiser,2020,knowledge/manuals\Toyota\Land Cruiser 2020.pdf
Toyota,Land Cruiser,2021,knowledge/manuals\Toyota\Land Cruiser 2021.pdf
Toyota,Land Cruiser,2024,knowledge/manuals\Toyota\Land Cruiser 2024.pdf
Toyota,Land Cruiser,2025,knowledge/manuals\Toyota\Land Cruiser 2025.pdf
Toyota,Prius,2010,knowledge/manuals\Toyota\Prius 2010.pdf
Toyota,Prius,2011,knowledge/manuals\Toyota\Prius 2011.pdf
Toyota,Prius,2012,knowledge/manuals\Toyota\Prius 2012.pdf
Toyota,Prius,2013,knowledge/manuals\Toyota\Prius 2013.pdf
Toyota,Prius,2014,knowledge/manuals\Toyota\Prius 2014.pdf
Toyota,Prius,2015,knowledge/manuals\Toyota\Prius 2015.pdf
Toyota,Prius,2016,knowledge/manuals\Toyota\Prius 2016.pdf
Toyota,Prius,2017,knowledge/manuals\Toyota\Prius 2017.pdf
Toyota,Prius,2018,knowledge/manuals\Toyota\Prius 2018.pdf
Toyota,Prius,2019,knowledge/manuals\Toyota\Prius 2019.pdf
Toyota,Prius,2020,knowledge/manuals\Toyota\Prius 2020.pdf
Toyota,Prius,2021,knowledge/manuals\Toyota\Prius 2021.pdf
Toyota,Prius,2022,knowledge/manuals\Toyota\Prius 2022.pdf
Toyota,Prius,2023,knowledge/manuals\Toyota\Prius 2023.pdf
Toyota,Prius,2024,knowledge/manuals\Toyota\Prius 2024.pdf
Toyota,Prius,2025,knowledge/manuals\Toyota\Prius 2025.pdf
Toyota,RAV4,2010,knowledge/manuals\Toyota\RAV4 2010.pdf
Toyota,RAV4,2011,knowledge/manuals\Toyota\RAV4 2011.pdf
Toyota,RAV4,2012,knowledge/manuals\Toyota\RAV4 2012.pdf
Toyota,RAV4,2013,knowledge/manuals\Toyota\RAV4 2013.pdf
Toyota,RAV4,2014,knowledge/manuals\Toyota\RAV4 2014.pdf
Toyota,RAV4,2015,knowledge/manuals\Toyota\RAV4 2015.pdf
Toyota,RAV4,2016,knowledge/manuals\Toyota\RAV4 2016.pdf
Toyota,RAV4,2017,knowledge/manuals\Toyota\RAV4 2017.pdf
Toyota,RAV4,2018,knowledge/manuals\Toyota\RAV4 2018.pdf
Toyota,RAV4,2019,knowledge/manuals\Toyota\RAV4 2019.pdf
Toyota,RAV4,2020,knowledge/manuals\Toyota\RAV4 2020.pdf
Toyota,RAV4,2021,knowledge/manuals\Toyota\RAV4 2021.pdf
Toyota,RAV4,2022,knowledge/manuals\Toyota\RAV4 2022.pdf
Toyota,RAV4,2023,knowledge/manuals\Toyota\RAV4 2023.pdf
Toyota,RAV4,2024,knowledge/manuals\Toyota\RAV4 2024.pdf
Toyota,RAV4,2025,knowledge/manuals\Toyota\RAV4 2025.pdf
Toyota,Sequoia,2010,knowledge/manuals\Toyota\Sequoia 2010.pdf
Toyota,Sequoia,2011,knowledge/manuals\Toyota\Sequoia 2011.pdf
Toyota,Sequoia,2012,knowledge/manuals\Toyota\Sequoia 2012.pdf
Toyota,Sequoia,2013,knowledge/manuals\Toyota\Sequoia 2013.pdf
Toyota,Sequoia,2014,knowledge/manuals\Toyota\Sequoia 2014.pdf
Toyota,Sequoia,2015,knowledge/manuals\Toyota\Sequoia 2015.pdf
Toyota,Sequoia,2016,knowledge/manuals\Toyota\Sequoia 2016.pdf
Toyota,Sequoia,2017,knowledge/manuals\Toyota\Sequoia 2017.pdf
Toyota,Sequoia,2018,knowledge/manuals\Toyota\Sequoia 2018.pdf
Toyota,Sequoia,2019,knowledge/manuals\Toyota\Sequoia 2019.pdf
Toyota,Sequoia,2020,knowledge/manuals\Toyota\Sequoia 2020.pdf
Toyota,Sequoia,2021,knowledge/manuals\Toyota\Sequoia 2021.pdf
Toyota,Sequoia,2022,knowledge/manuals\Toyota\Sequoia 2022.pdf
Toyota,Sienna,2010,knowledge/manuals\Toyota\Sienna 2010.pdf
Toyota,Sienna,2011,knowledge/manuals\Toyota\Sienna 2011.pdf
Toyota,Sienna,2012,knowledge/manuals\Toyota\Sienna 2012.pdf
Toyota,Sienna,2013,knowledge/manuals\Toyota\Sienna 2013.pdf
Toyota,Sienna,2014,knowledge/manuals\Toyota\Sienna 2014.pdf
Toyota,Sienna,2015,knowledge/manuals\Toyota\Sienna 2015.pdf
Toyota,Sienna,2016,knowledge/manuals\Toyota\Sienna 2016.pdf
Toyota,Sienna,2017,knowledge/manuals\Toyota\Sienna 2017.pdf
Toyota,Sienna,2018,knowledge/manuals\Toyota\Sienna 2018.pdf
Toyota,Sienna,2019,knowledge/manuals\Toyota\Sienna 2019.pdf
Toyota,Sienna,2020,knowledge/manuals\Toyota\Sienna 2020.pdf
Toyota,Tacoma,2010,knowledge/manuals\Toyota\Tacoma 2010.pdf
Toyota,Tacoma,2011,knowledge/manuals\Toyota\Tacoma 2011.pdf
Toyota,Tacoma,2012,knowledge/manuals\Toyota\Tacoma 2012.pdf
Toyota,Tacoma,2013,knowledge/manuals\Toyota\Tacoma 2013.pdf
Toyota,Tacoma,2014,knowledge/manuals\Toyota\Tacoma 2014.pdf
Toyota,Tacoma,2015,knowledge/manuals\Toyota\Tacoma 2015.pdf
Toyota,Tacoma,2016,knowledge/manuals\Toyota\Tacoma 2016.pdf
Toyota,Tacoma,2017,knowledge/manuals\Toyota\Tacoma 2017.pdf
Toyota,Tacoma,2018,knowledge/manuals\Toyota\Tacoma 2018.pdf
Toyota,Tacoma,2019,knowledge/manuals\Toyota\Tacoma 2019.pdf
Toyota,Tacoma,2020,knowledge/manuals\Toyota\Tacoma 2020.pdf
Toyota,Tacoma,2021,knowledge/manuals\Toyota\Tacoma 2021.pdf
Toyota,Tacoma,2022,knowledge/manuals\Toyota\Tacoma 2022.pdf
Toyota,Tacoma,2023,knowledge/manuals\Toyota\Tacoma 2023.pdf
Toyota,Tacoma,2024,knowledge/manuals\Toyota\Tacoma 2024.pdf
Toyota,Tacoma,2025,knowledge/manuals\Toyota\Tacoma 2025.pdf
Toyota,Tundra,2010,knowledge/manuals\Toyota\Tundra 2010.pdf
Toyota,Tundra,2011,knowledge/manuals\Toyota\Tundra 2011.pdf
Toyota,Tundra,2012,knowledge/manuals\Toyota\Tundra 2012.pdf
Toyota,Tundra,2013,knowledge/manuals\Toyota\Tundra 2013.pdf
Toyota,Tundra,2014,knowledge/manuals\Toyota\Tundra 2014.pdf
Toyota,Tundra,2015,knowledge/manuals\Toyota\Tundra 2015.pdf
Toyota,Tundra,2016,knowledge/manuals\Toyota\Tundra 2016.pdf
Toyota,Tundra,2017,knowledge/manuals\Toyota\Tundra 2017.pdf
Toyota,Tundra,2018,knowledge/manuals\Toyota\Tundra 2018.pdf
Toyota,Tundra,2019,knowledge/manuals\Toyota\Tundra 2019.pdf
Toyota,Tundra,2020,knowledge/manuals\Toyota\Tundra 2020.pdf
Toyota,Tundra,2021,knowledge/manuals\Toyota\Tundra 2021.pdf
Toyota,Tundra,2022,knowledge/manuals\Toyota\Tundra 2022.pdf
Toyota,Tundra,2023,knowledge/manuals\Toyota\Tundra 2023.pdf
Toyota,Tundra,2024,knowledge/manuals\Toyota\Tundra 2024.pdf
Toyota,Tundra,2025,knowledge/manuals\Toyota\Tundra 2025.pdf
